-- USERS
INSERT INTO user (id, name, email, age) VALUES (1, 'Danielle', 'danielle1@example.com', 58);
INSERT INTO user (id, name, email, age) VALUES (2, 'Angel', 'angel2@example.com', 25);
INSERT INTO user (id, name, email, age) VALUES (3, 'Joshua', 'joshua3@example.com', 19);
INSERT INTO user (id, name, email, age) VALUES (4, 'Jeffrey', 'jeffrey4@example.com', 35);
INSERT INTO user (id, name, email, age) VALUES (5, 'Jill', 'jill5@example.com', 33);
INSERT INTO user (id, name, email, age) VALUES (6, 'Erica', 'erica6@example.com', 32);
INSERT INTO user (id, name, email, age) VALUES (7, 'Patricia', 'patricia7@example.com', 26);
INSERT INTO user (id, name, email, age) VALUES (8, 'Christopher', 'christopher8@example.com', 24);
INSERT INTO user (id, name, email, age) VALUES (9, 'Robert', 'robert9@example.com', 52);
INSERT INTO user (id, name, email, age) VALUES (10, 'Anthony', 'anthony10@example.com', 23);
INSERT INTO user (id, name, email, age) VALUES (11, 'Jeffery', 'jeffery11@example.com', 55);
INSERT INTO user (id, name, email, age) VALUES (12, 'William', 'william12@example.com', 45);
INSERT INTO user (id, name, email, age) VALUES (13, 'Anthony', 'anthony13@example.com', 20);
INSERT INTO user (id, name, email, age) VALUES (14, 'James', 'james14@example.com', 19);
INSERT INTO user (id, name, email, age) VALUES (15, 'Debra', 'debra15@example.com', 23);
INSERT INTO user (id, name, email, age) VALUES (16, 'Amy', 'amy16@example.com', 31);
INSERT INTO user (id, name, email, age) VALUES (17, 'Jeffrey', 'jeffrey17@example.com', 32);
INSERT INTO user (id, name, email, age) VALUES (18, 'Bridget', 'bridget18@example.com', 50);
INSERT INTO user (id, name, email, age) VALUES (19, 'Lisa', 'lisa19@example.com', 56);
INSERT INTO user (id, name, email, age) VALUES (20, 'Adam', 'adam20@example.com', 19);
INSERT INTO user (id, name, email, age) VALUES (21, 'Linda', 'linda21@example.com', 53);
INSERT INTO user (id, name, email, age) VALUES (22, 'Helen', 'helen22@example.com', 30);
INSERT INTO user (id, name, email, age) VALUES (23, 'Matthew', 'matthew23@example.com', 59);
INSERT INTO user (id, name, email, age) VALUES (24, 'Eric', 'eric24@example.com', 52);
INSERT INTO user (id, name, email, age) VALUES (25, 'Susan', 'susan25@example.com', 44);
INSERT INTO user (id, name, email, age) VALUES (26, 'Matthew', 'matthew26@example.com', 32);
INSERT INTO user (id, name, email, age) VALUES (27, 'Christopher', 'christopher27@example.com', 46);
INSERT INTO user (id, name, email, age) VALUES (28, 'Colin', 'colin28@example.com', 55);
INSERT INTO user (id, name, email, age) VALUES (29, 'Melanie', 'melanie29@example.com', 35);
INSERT INTO user (id, name, email, age) VALUES (30, 'Cassandra', 'cassandra30@example.com', 18);

-- SELLERS
INSERT INTO seller (id, name) VALUES (1, 'Blair PLC');
INSERT INTO seller (id, name) VALUES (2, 'Dudley Group');
INSERT INTO seller (id, name) VALUES (3, 'Arnold Ltd');
INSERT INTO seller (id, name) VALUES (4, 'Mcclure, Ward and Le');
INSERT INTO seller (id, name) VALUES (5, 'Williams and Sons');
INSERT INTO seller (id, name) VALUES (6, 'Galloway-Wyatt');
INSERT INTO seller (id, name) VALUES (7, 'James Group');
INSERT INTO seller (id, name) VALUES (8, 'Flowers, Martin and ');
INSERT INTO seller (id, name) VALUES (9, 'Adams, Zuniga and Wo');
INSERT INTO seller (id, name) VALUES (10, 'Reid, Ferguson and S');

-- CATEGORIES
INSERT INTO category (id, name, parent_category_id) VALUES (1, 'Fruits', NULL);
INSERT INTO category (id, name, parent_category_id) VALUES (2, 'Electronics', NULL);

-- PRODUCTS
INSERT INTO product (id, sku_id, name, category_id) VALUES (1, 'SKU0001', 'Toaster1', 1);
INSERT INTO product (id, sku_id, name, category_id) VALUES (2, 'SKU0002', 'Heater2', 2);
INSERT INTO product (id, sku_id, name, category_id) VALUES (3, 'SKU0003', 'Tablet3', 2);
INSERT INTO product (id, sku_id, name, category_id) VALUES (4, 'SKU0004', 'Pineapple4', 1);
INSERT INTO product (id, sku_id, name, category_id) VALUES (5, 'SKU0005', 'Toaster5', 2);
INSERT INTO product (id, sku_id, name, category_id) VALUES (6, 'SKU0006', 'Carrot6', 1);
INSERT INTO product (id, sku_id, name, category_id) VALUES (7, 'SKU0007', 'Keyboard7', 1);
INSERT INTO product (id, sku_id, name, category_id) VALUES (8, 'SKU0008', 'Monitor8', 2);
INSERT INTO product (id, sku_id, name, category_id) VALUES (9, 'SKU0009', 'Fridge9', 2);
INSERT INTO product (id, sku_id, name, category_id) VALUES (10, 'SKU0010', 'Banana10', 2);
INSERT INTO product (id, sku_id, name, category_id) VALUES (11, 'SKU0011', 'Camera11', 1);
INSERT INTO product (id, sku_id, name, category_id) VALUES (12, 'SKU0012', 'Keyboard12', 1);
INSERT INTO product (id, sku_id, name, category_id) VALUES (13, 'SKU0013', 'Camera13', 2);
INSERT INTO product (id, sku_id, name, category_id) VALUES (14, 'SKU0014', 'Oven14', 2);
INSERT INTO product (id, sku_id, name, category_id) VALUES (15, 'SKU0015', 'Mic15', 1);
INSERT INTO product (id, sku_id, name, category_id) VALUES (16, 'SKU0016', 'Heater16', 1);
INSERT INTO product (id, sku_id, name, category_id) VALUES (17, 'SKU0017', 'Banana17', 1);
INSERT INTO product (id, sku_id, name, category_id) VALUES (18, 'SKU0018', 'Toaster18', 2);
INSERT INTO product (id, sku_id, name, category_id) VALUES (19, 'SKU0019', 'Mango19', 1);
INSERT INTO product (id, sku_id, name, category_id) VALUES (20, 'SKU0020', 'Carrot20', 2);
INSERT INTO product (id, sku_id, name, category_id) VALUES (21, 'SKU0021', 'Laptop21', 2);
INSERT INTO product (id, sku_id, name, category_id) VALUES (22, 'SKU0022', 'Oven22', 2);
INSERT INTO product (id, sku_id, name, category_id) VALUES (23, 'SKU0023', 'Orange23', 2);
INSERT INTO product (id, sku_id, name, category_id) VALUES (24, 'SKU0024', 'Monitor24', 1);
INSERT INTO product (id, sku_id, name, category_id) VALUES (25, 'SKU0025', 'Fan25', 2);
INSERT INTO product (id, sku_id, name, category_id) VALUES (26, 'SKU0026', 'Heater26', 1);
INSERT INTO product (id, sku_id, name, category_id) VALUES (27, 'SKU0027', 'Fridge27', 1);
INSERT INTO product (id, sku_id, name, category_id) VALUES (28, 'SKU0028', 'Camera28', 1);
INSERT INTO product (id, sku_id, name, category_id) VALUES (29, 'SKU0029', 'Orange29', 2);
INSERT INTO product (id, sku_id, name, category_id) VALUES (30, 'SKU0030', 'Keyboard30', 2);
INSERT INTO product (id, sku_id, name, category_id) VALUES (31, 'SKU0031', 'Oven31', 1);
INSERT INTO product (id, sku_id, name, category_id) VALUES (32, 'SKU0032', 'Fan32', 2);
INSERT INTO product (id, sku_id, name, category_id) VALUES (33, 'SKU0033', 'Toaster33', 1);
INSERT INTO product (id, sku_id, name, category_id) VALUES (34, 'SKU0034', 'TV34', 1);
INSERT INTO product (id, sku_id, name, category_id) VALUES (35, 'SKU0035', 'Tablet35', 2);
INSERT INTO product (id, sku_id, name, category_id) VALUES (36, 'SKU0036', 'Laptop36', 1);
INSERT INTO product (id, sku_id, name, category_id) VALUES (37, 'SKU0037', 'Grapes37', 2);
INSERT INTO product (id, sku_id, name, category_id) VALUES (38, 'SKU0038', 'Grapes38', 2);
INSERT INTO product (id, sku_id, name, category_id) VALUES (39, 'SKU0039', 'Keyboard39', 2);
INSERT INTO product (id, sku_id, name, category_id) VALUES (40, 'SKU0040', 'Pineapple40', 2);
INSERT INTO product (id, sku_id, name, category_id) VALUES (41, 'SKU0041', 'Pineapple41', 1);
INSERT INTO product (id, sku_id, name, category_id) VALUES (42, 'SKU0042', 'Blender42', 2);
INSERT INTO product (id, sku_id, name, category_id) VALUES (43, 'SKU0043', 'Blender43', 2);
INSERT INTO product (id, sku_id, name, category_id) VALUES (44, 'SKU0044', 'Mic44', 2);
INSERT INTO product (id, sku_id, name, category_id) VALUES (45, 'SKU0045', 'Monitor45', 1);
INSERT INTO product (id, sku_id, name, category_id) VALUES (46, 'SKU0046', 'Pineapple46', 2);
INSERT INTO product (id, sku_id, name, category_id) VALUES (47, 'SKU0047', 'Mango47', 1);
INSERT INTO product (id, sku_id, name, category_id) VALUES (48, 'SKU0048', 'Carrot48', 1);
INSERT INTO product (id, sku_id, name, category_id) VALUES (49, 'SKU0049', 'Oven49', 1);
INSERT INTO product (id, sku_id, name, category_id) VALUES (50, 'SKU0050', 'Fan50', 2);

-- PRODUCT AVAILABILITY
INSERT INTO product_availability (id, product_id, count, seller_id) VALUES (1, 1, 148, 10);
INSERT INTO product_availability (id, product_id, count, seller_id) VALUES (2, 1, 147, 2);
INSERT INTO product_availability (id, product_id, count, seller_id) VALUES (3, 2, 185, 10);
INSERT INTO product_availability (id, product_id, count, seller_id) VALUES (4, 2, 114, 8);
INSERT INTO product_availability (id, product_id, count, seller_id) VALUES (5, 3, 79, 9);
INSERT INTO product_availability (id, product_id, count, seller_id) VALUES (6, 3, 187, 1);
INSERT INTO product_availability (id, product_id, count, seller_id) VALUES (7, 4, 78, 5);
INSERT INTO product_availability (id, product_id, count, seller_id) VALUES (8, 4, 125, 6);
INSERT INTO product_availability (id, product_id, count, seller_id) VALUES (9, 5, 166, 7);
INSERT INTO product_availability (id, product_id, count, seller_id) VALUES (10, 5, 50, 3);
INSERT INTO product_availability (id, product_id, count, seller_id) VALUES (11, 6, 95, 5);
INSERT INTO product_availability (id, product_id, count, seller_id) VALUES (12, 6, 179, 9);
INSERT INTO product_availability (id, product_id, count, seller_id) VALUES (13, 7, 179, 2);
INSERT INTO product_availability (id, product_id, count, seller_id) VALUES (14, 7, 100, 5);
INSERT INTO product_availability (id, product_id, count, seller_id) VALUES (15, 8, 91, 3);
INSERT INTO product_availability (id, product_id, count, seller_id) VALUES (16, 8, 188, 6);
INSERT INTO product_availability (id, product_id, count, seller_id) VALUES (17, 9, 132, 9);
INSERT INTO product_availability (id, product_id, count, seller_id) VALUES (18, 9, 175, 1);
INSERT INTO product_availability (id, product_id, count, seller_id) VALUES (19, 10, 142, 1);
INSERT INTO product_availability (id, product_id, count, seller_id) VALUES (20, 10, 128, 2);
INSERT INTO product_availability (id, product_id, count, seller_id) VALUES (21, 11, 111, 4);
INSERT INTO product_availability (id, product_id, count, seller_id) VALUES (22, 11, 195, 1);
INSERT INTO product_availability (id, product_id, count, seller_id) VALUES (23, 12, 174, 2);
INSERT INTO product_availability (id, product_id, count, seller_id) VALUES (24, 12, 67, 10);
INSERT INTO product_availability (id, product_id, count, seller_id) VALUES (25, 13, 82, 9);
INSERT INTO product_availability (id, product_id, count, seller_id) VALUES (26, 13, 171, 3);
INSERT INTO product_availability (id, product_id, count, seller_id) VALUES (27, 14, 117, 9);
INSERT INTO product_availability (id, product_id, count, seller_id) VALUES (28, 14, 185, 3);
INSERT INTO product_availability (id, product_id, count, seller_id) VALUES (29, 15, 104, 10);
INSERT INTO product_availability (id, product_id, count, seller_id) VALUES (30, 15, 188, 7);
INSERT INTO product_availability (id, product_id, count, seller_id) VALUES (31, 16, 152, 4);
INSERT INTO product_availability (id, product_id, count, seller_id) VALUES (32, 16, 145, 5);
INSERT INTO product_availability (id, product_id, count, seller_id) VALUES (33, 17, 165, 8);
INSERT INTO product_availability (id, product_id, count, seller_id) VALUES (34, 17, 80, 9);
INSERT INTO product_availability (id, product_id, count, seller_id) VALUES (35, 18, 66, 4);
INSERT INTO product_availability (id, product_id, count, seller_id) VALUES (36, 18, 136, 10);
INSERT INTO product_availability (id, product_id, count, seller_id) VALUES (37, 19, 108, 1);
INSERT INTO product_availability (id, product_id, count, seller_id) VALUES (38, 19, 200, 9);
INSERT INTO product_availability (id, product_id, count, seller_id) VALUES (39, 20, 68, 4);
INSERT INTO product_availability (id, product_id, count, seller_id) VALUES (40, 20, 65, 1);
INSERT INTO product_availability (id, product_id, count, seller_id) VALUES (41, 21, 58, 4);
INSERT INTO product_availability (id, product_id, count, seller_id) VALUES (42, 21, 134, 2);
INSERT INTO product_availability (id, product_id, count, seller_id) VALUES (43, 22, 110, 2);
INSERT INTO product_availability (id, product_id, count, seller_id) VALUES (44, 22, 121, 9);
INSERT INTO product_availability (id, product_id, count, seller_id) VALUES (45, 23, 188, 8);
INSERT INTO product_availability (id, product_id, count, seller_id) VALUES (46, 23, 83, 4);
INSERT INTO product_availability (id, product_id, count, seller_id) VALUES (47, 24, 112, 10);
INSERT INTO product_availability (id, product_id, count, seller_id) VALUES (48, 24, 171, 8);
INSERT INTO product_availability (id, product_id, count, seller_id) VALUES (49, 25, 74, 7);
INSERT INTO product_availability (id, product_id, count, seller_id) VALUES (50, 25, 74, 4);
INSERT INTO product_availability (id, product_id, count, seller_id) VALUES (51, 26, 158, 7);
INSERT INTO product_availability (id, product_id, count, seller_id) VALUES (52, 26, 155, 6);
INSERT INTO product_availability (id, product_id, count, seller_id) VALUES (53, 27, 75, 8);
INSERT INTO product_availability (id, product_id, count, seller_id) VALUES (54, 27, 65, 1);
INSERT INTO product_availability (id, product_id, count, seller_id) VALUES (55, 28, 77, 7);
INSERT INTO product_availability (id, product_id, count, seller_id) VALUES (56, 28, 113, 6);
INSERT INTO product_availability (id, product_id, count, seller_id) VALUES (57, 29, 187, 4);
INSERT INTO product_availability (id, product_id, count, seller_id) VALUES (58, 29, 164, 10);
INSERT INTO product_availability (id, product_id, count, seller_id) VALUES (59, 30, 96, 3);
INSERT INTO product_availability (id, product_id, count, seller_id) VALUES (60, 30, 121, 7);
INSERT INTO product_availability (id, product_id, count, seller_id) VALUES (61, 31, 69, 8);
INSERT INTO product_availability (id, product_id, count, seller_id) VALUES (62, 31, 163, 4);
INSERT INTO product_availability (id, product_id, count, seller_id) VALUES (63, 32, 62, 9);
INSERT INTO product_availability (id, product_id, count, seller_id) VALUES (64, 32, 188, 2);
INSERT INTO product_availability (id, product_id, count, seller_id) VALUES (65, 33, 110, 1);
INSERT INTO product_availability (id, product_id, count, seller_id) VALUES (66, 33, 92, 2);
INSERT INTO product_availability (id, product_id, count, seller_id) VALUES (67, 34, 173, 7);
INSERT INTO product_availability (id, product_id, count, seller_id) VALUES (68, 34, 104, 8);
INSERT INTO product_availability (id, product_id, count, seller_id) VALUES (69, 35, 92, 7);
INSERT INTO product_availability (id, product_id, count, seller_id) VALUES (70, 35, 147, 1);
INSERT INTO product_availability (id, product_id, count, seller_id) VALUES (71, 36, 117, 1);
INSERT INTO product_availability (id, product_id, count, seller_id) VALUES (72, 36, 166, 7);
INSERT INTO product_availability (id, product_id, count, seller_id) VALUES (73, 37, 192, 5);
INSERT INTO product_availability (id, product_id, count, seller_id) VALUES (74, 37, 174, 7);
INSERT INTO product_availability (id, product_id, count, seller_id) VALUES (75, 38, 125, 3);
INSERT INTO product_availability (id, product_id, count, seller_id) VALUES (76, 38, 105, 4);
INSERT INTO product_availability (id, product_id, count, seller_id) VALUES (77, 39, 65, 1);
INSERT INTO product_availability (id, product_id, count, seller_id) VALUES (78, 39, 130, 9);
INSERT INTO product_availability (id, product_id, count, seller_id) VALUES (79, 40, 199, 1);
INSERT INTO product_availability (id, product_id, count, seller_id) VALUES (80, 40, 172, 10);
INSERT INTO product_availability (id, product_id, count, seller_id) VALUES (81, 41, 90, 9);
INSERT INTO product_availability (id, product_id, count, seller_id) VALUES (82, 41, 64, 10);
INSERT INTO product_availability (id, product_id, count, seller_id) VALUES (83, 42, 97, 9);
INSERT INTO product_availability (id, product_id, count, seller_id) VALUES (84, 42, 67, 2);
INSERT INTO product_availability (id, product_id, count, seller_id) VALUES (85, 43, 110, 10);
INSERT INTO product_availability (id, product_id, count, seller_id) VALUES (86, 43, 153, 2);
INSERT INTO product_availability (id, product_id, count, seller_id) VALUES (87, 44, 198, 2);
INSERT INTO product_availability (id, product_id, count, seller_id) VALUES (88, 44, 60, 4);
INSERT INTO product_availability (id, product_id, count, seller_id) VALUES (89, 45, 157, 10);
INSERT INTO product_availability (id, product_id, count, seller_id) VALUES (90, 45, 199, 2);
INSERT INTO product_availability (id, product_id, count, seller_id) VALUES (91, 46, 130, 10);
INSERT INTO product_availability (id, product_id, count, seller_id) VALUES (92, 46, 116, 9);
INSERT INTO product_availability (id, product_id, count, seller_id) VALUES (93, 47, 111, 4);
INSERT INTO product_availability (id, product_id, count, seller_id) VALUES (94, 47, 117, 6);
INSERT INTO product_availability (id, product_id, count, seller_id) VALUES (95, 48, 126, 7);
INSERT INTO product_availability (id, product_id, count, seller_id) VALUES (96, 48, 167, 3);
INSERT INTO product_availability (id, product_id, count, seller_id) VALUES (97, 49, 52, 6);
INSERT INTO product_availability (id, product_id, count, seller_id) VALUES (98, 49, 167, 2);
INSERT INTO product_availability (id, product_id, count, seller_id) VALUES (99, 50, 68, 10);
INSERT INTO product_availability (id, product_id, count, seller_id) VALUES (100, 50, 187, 2);

-- CARTS
INSERT INTO cart (id, user_id) VALUES (1, 7);
INSERT INTO cart (id, user_id) VALUES (2, 17);
INSERT INTO cart (id, user_id) VALUES (3, 9);
INSERT INTO cart (id, user_id) VALUES (4, 5);
INSERT INTO cart (id, user_id) VALUES (5, 30);
INSERT INTO cart (id, user_id) VALUES (6, 12);
INSERT INTO cart (id, user_id) VALUES (7, 29);
INSERT INTO cart (id, user_id) VALUES (8, 3);
INSERT INTO cart (id, user_id) VALUES (9, 29);
INSERT INTO cart (id, user_id) VALUES (10, 8);
INSERT INTO cart (id, user_id) VALUES (11, 12);
INSERT INTO cart (id, user_id) VALUES (12, 10);
INSERT INTO cart (id, user_id) VALUES (13, 6);
INSERT INTO cart (id, user_id) VALUES (14, 15);
INSERT INTO cart (id, user_id) VALUES (15, 27);
INSERT INTO cart (id, user_id) VALUES (16, 18);
INSERT INTO cart (id, user_id) VALUES (17, 23);
INSERT INTO cart (id, user_id) VALUES (18, 10);
INSERT INTO cart (id, user_id) VALUES (19, 20);
INSERT INTO cart (id, user_id) VALUES (20, 26);
INSERT INTO cart (id, user_id) VALUES (21, 21);
INSERT INTO cart (id, user_id) VALUES (22, 17);
INSERT INTO cart (id, user_id) VALUES (23, 1);
INSERT INTO cart (id, user_id) VALUES (24, 22);
INSERT INTO cart (id, user_id) VALUES (25, 27);
INSERT INTO cart (id, user_id) VALUES (26, 18);
INSERT INTO cart (id, user_id) VALUES (27, 10);
INSERT INTO cart (id, user_id) VALUES (28, 30);
INSERT INTO cart (id, user_id) VALUES (29, 22);
INSERT INTO cart (id, user_id) VALUES (30, 4);
INSERT INTO cart (id, user_id) VALUES (31, 29);
INSERT INTO cart (id, user_id) VALUES (32, 5);
INSERT INTO cart (id, user_id) VALUES (33, 9);
INSERT INTO cart (id, user_id) VALUES (34, 4);
INSERT INTO cart (id, user_id) VALUES (35, 29);
INSERT INTO cart (id, user_id) VALUES (36, 4);
INSERT INTO cart (id, user_id) VALUES (37, 24);
INSERT INTO cart (id, user_id) VALUES (38, 18);
INSERT INTO cart (id, user_id) VALUES (39, 5);
INSERT INTO cart (id, user_id) VALUES (40, 9);
INSERT INTO cart (id, user_id) VALUES (41, 10);
INSERT INTO cart (id, user_id) VALUES (42, 20);
INSERT INTO cart (id, user_id) VALUES (43, 7);
INSERT INTO cart (id, user_id) VALUES (44, 23);
INSERT INTO cart (id, user_id) VALUES (45, 11);
INSERT INTO cart (id, user_id) VALUES (46, 7);
INSERT INTO cart (id, user_id) VALUES (47, 22);
INSERT INTO cart (id, user_id) VALUES (48, 21);
INSERT INTO cart (id, user_id) VALUES (49, 28);
INSERT INTO cart (id, user_id) VALUES (50, 9);
INSERT INTO cart (id, user_id) VALUES (51, 17);
INSERT INTO cart (id, user_id) VALUES (52, 16);
INSERT INTO cart (id, user_id) VALUES (53, 9);
INSERT INTO cart (id, user_id) VALUES (54, 29);
INSERT INTO cart (id, user_id) VALUES (55, 30);
INSERT INTO cart (id, user_id) VALUES (56, 28);
INSERT INTO cart (id, user_id) VALUES (57, 2);
INSERT INTO cart (id, user_id) VALUES (58, 3);
INSERT INTO cart (id, user_id) VALUES (59, 21);
INSERT INTO cart (id, user_id) VALUES (60, 14);
INSERT INTO cart (id, user_id) VALUES (61, 27);
INSERT INTO cart (id, user_id) VALUES (62, 9);
INSERT INTO cart (id, user_id) VALUES (63, 2);
INSERT INTO cart (id, user_id) VALUES (64, 1);
INSERT INTO cart (id, user_id) VALUES (65, 11);
INSERT INTO cart (id, user_id) VALUES (66, 25);
INSERT INTO cart (id, user_id) VALUES (67, 5);
INSERT INTO cart (id, user_id) VALUES (68, 21);
INSERT INTO cart (id, user_id) VALUES (69, 9);
INSERT INTO cart (id, user_id) VALUES (70, 6);
INSERT INTO cart (id, user_id) VALUES (71, 24);
INSERT INTO cart (id, user_id) VALUES (72, 15);
INSERT INTO cart (id, user_id) VALUES (73, 18);
INSERT INTO cart (id, user_id) VALUES (74, 23);
INSERT INTO cart (id, user_id) VALUES (75, 14);
INSERT INTO cart (id, user_id) VALUES (76, 18);
INSERT INTO cart (id, user_id) VALUES (77, 1);
INSERT INTO cart (id, user_id) VALUES (78, 4);
INSERT INTO cart (id, user_id) VALUES (79, 3);
INSERT INTO cart (id, user_id) VALUES (80, 29);
INSERT INTO cart (id, user_id) VALUES (81, 23);
INSERT INTO cart (id, user_id) VALUES (82, 29);
INSERT INTO cart (id, user_id) VALUES (83, 5);
INSERT INTO cart (id, user_id) VALUES (84, 18);
INSERT INTO cart (id, user_id) VALUES (85, 2);
INSERT INTO cart (id, user_id) VALUES (86, 27);
INSERT INTO cart (id, user_id) VALUES (87, 12);
INSERT INTO cart (id, user_id) VALUES (88, 19);
INSERT INTO cart (id, user_id) VALUES (89, 18);
INSERT INTO cart (id, user_id) VALUES (90, 5);
INSERT INTO cart (id, user_id) VALUES (91, 14);
INSERT INTO cart (id, user_id) VALUES (92, 5);
INSERT INTO cart (id, user_id) VALUES (93, 2);
INSERT INTO cart (id, user_id) VALUES (94, 10);
INSERT INTO cart (id, user_id) VALUES (95, 12);
INSERT INTO cart (id, user_id) VALUES (96, 29);
INSERT INTO cart (id, user_id) VALUES (97, 30);
INSERT INTO cart (id, user_id) VALUES (98, 26);
INSERT INTO cart (id, user_id) VALUES (99, 28);
INSERT INTO cart (id, user_id) VALUES (100, 2);

-- CART PRODUCTS
INSERT INTO cart_product (id, cart_id, product_id, count) VALUES (1, 1, 14, 2);
INSERT INTO cart_product (id, cart_id, product_id, count) VALUES (2, 1, 44, 6);
INSERT INTO cart_product (id, cart_id, product_id, count) VALUES (3, 1, 16, 9);
INSERT INTO cart_product (id, cart_id, product_id, count) VALUES (4, 2, 40, 3);
INSERT INTO cart_product (id, cart_id, product_id, count) VALUES (5, 2, 48, 3);
INSERT INTO cart_product (id, cart_id, product_id, count) VALUES (6, 2, 10, 7);
INSERT INTO cart_product (id, cart_id, product_id, count) VALUES (7, 2, 16, 1);
INSERT INTO cart_product (id, cart_id, product_id, count) VALUES (8, 3, 48, 7);
INSERT INTO cart_product (id, cart_id, product_id, count) VALUES (9, 3, 22, 4);
INSERT INTO cart_product (id, cart_id, product_id, count) VALUES (10, 4, 11, 7);
INSERT INTO cart_product (id, cart_id, product_id, count) VALUES (11, 4, 45, 1);
INSERT INTO cart_product (id, cart_id, product_id, count) VALUES (12, 4, 7, 8);
INSERT INTO cart_product (id, cart_id, product_id, count) VALUES (13, 5, 13, 6);
INSERT INTO cart_product (id, cart_id, product_id, count) VALUES (14, 5, 30, 5);
INSERT INTO cart_product (id, cart_id, product_id, count) VALUES (15, 6, 15, 4);
INSERT INTO cart_product (id, cart_id, product_id, count) VALUES (16, 6, 2, 7);
INSERT INTO cart_product (id, cart_id, product_id, count) VALUES (17, 7, 18, 5);
INSERT INTO cart_product (id, cart_id, product_id, count) VALUES (18, 7, 5, 6);
INSERT INTO cart_product (id, cart_id, product_id, count) VALUES (19, 7, 50, 9);
INSERT INTO cart_product (id, cart_id, product_id, count) VALUES (20, 8, 44, 2);
INSERT INTO cart_product (id, cart_id, product_id, count) VALUES (21, 8, 35, 5);
INSERT INTO cart_product (id, cart_id, product_id, count) VALUES (22, 8, 22, 3);
INSERT INTO cart_product (id, cart_id, product_id, count) VALUES (23, 8, 2, 10);
INSERT INTO cart_product (id, cart_id, product_id, count) VALUES (24, 9, 3, 7);
INSERT INTO cart_product (id, cart_id, product_id, count) VALUES (25, 9, 7, 6);
INSERT INTO cart_product (id, cart_id, product_id, count) VALUES (26, 9, 39, 6);
INSERT INTO cart_product (id, cart_id, product_id, count) VALUES (27, 10, 39, 10);
INSERT INTO cart_product (id, cart_id, product_id, count) VALUES (28, 10, 33, 4);
INSERT INTO cart_product (id, cart_id, product_id, count) VALUES (29, 10, 8, 5);
INSERT INTO cart_product (id, cart_id, product_id, count) VALUES (30, 10, 25, 1);
INSERT INTO cart_product (id, cart_id, product_id, count) VALUES (31, 11, 1, 4);
INSERT INTO cart_product (id, cart_id, product_id, count) VALUES (32, 11, 34, 6);
INSERT INTO cart_product (id, cart_id, product_id, count) VALUES (33, 11, 35, 7);
INSERT INTO cart_product (id, cart_id, product_id, count) VALUES (34, 11, 44, 2);
INSERT INTO cart_product (id, cart_id, product_id, count) VALUES (35, 12, 40, 2);
INSERT INTO cart_product (id, cart_id, product_id, count) VALUES (36, 12, 21, 5);
INSERT INTO cart_product (id, cart_id, product_id, count) VALUES (37, 12, 43, 9);
INSERT INTO cart_product (id, cart_id, product_id, count) VALUES (38, 13, 43, 7);
INSERT INTO cart_product (id, cart_id, product_id, count) VALUES (39, 13, 27, 5);
INSERT INTO cart_product (id, cart_id, product_id, count) VALUES (40, 13, 21, 9);
INSERT INTO cart_product (id, cart_id, product_id, count) VALUES (41, 14, 13, 7);
INSERT INTO cart_product (id, cart_id, product_id, count) VALUES (42, 14, 27, 3);
INSERT INTO cart_product (id, cart_id, product_id, count) VALUES (43, 15, 37, 5);
INSERT INTO cart_product (id, cart_id, product_id, count) VALUES (44, 15, 20, 5);
INSERT INTO cart_product (id, cart_id, product_id, count) VALUES (45, 15, 26, 4);
INSERT INTO cart_product (id, cart_id, product_id, count) VALUES (46, 15, 36, 7);
INSERT INTO cart_product (id, cart_id, product_id, count) VALUES (47, 15, 1, 10);
INSERT INTO cart_product (id, cart_id, product_id, count) VALUES (48, 16, 42, 4);
INSERT INTO cart_product (id, cart_id, product_id, count) VALUES (49, 16, 21, 9);
INSERT INTO cart_product (id, cart_id, product_id, count) VALUES (50, 16, 30, 8);
INSERT INTO cart_product (id, cart_id, product_id, count) VALUES (51, 16, 29, 3);
INSERT INTO cart_product (id, cart_id, product_id, count) VALUES (52, 16, 44, 2);
INSERT INTO cart_product (id, cart_id, product_id, count) VALUES (53, 17, 33, 10);
INSERT INTO cart_product (id, cart_id, product_id, count) VALUES (54, 17, 43, 6);
INSERT INTO cart_product (id, cart_id, product_id, count) VALUES (55, 17, 41, 2);
INSERT INTO cart_product (id, cart_id, product_id, count) VALUES (56, 18, 44, 4);
INSERT INTO cart_product (id, cart_id, product_id, count) VALUES (57, 18, 20, 4);
INSERT INTO cart_product (id, cart_id, product_id, count) VALUES (58, 19, 2, 4);
INSERT INTO cart_product (id, cart_id, product_id, count) VALUES (59, 19, 3, 8);
INSERT INTO cart_product (id, cart_id, product_id, count) VALUES (60, 20, 50, 10);
INSERT INTO cart_product (id, cart_id, product_id, count) VALUES (61, 20, 5, 4);
INSERT INTO cart_product (id, cart_id, product_id, count) VALUES (62, 20, 30, 7);
INSERT INTO cart_product (id, cart_id, product_id, count) VALUES (63, 20, 27, 8);
INSERT INTO cart_product (id, cart_id, product_id, count) VALUES (64, 20, 41, 7);
INSERT INTO cart_product (id, cart_id, product_id, count) VALUES (65, 21, 10, 1);
INSERT INTO cart_product (id, cart_id, product_id, count) VALUES (66, 21, 42, 2);
INSERT INTO cart_product (id, cart_id, product_id, count) VALUES (67, 22, 15, 8);
INSERT INTO cart_product (id, cart_id, product_id, count) VALUES (68, 22, 12, 1);
INSERT INTO cart_product (id, cart_id, product_id, count) VALUES (69, 22, 45, 9);
INSERT INTO cart_product (id, cart_id, product_id, count) VALUES (70, 22, 34, 4);
INSERT INTO cart_product (id, cart_id, product_id, count) VALUES (71, 23, 30, 3);
INSERT INTO cart_product (id, cart_id, product_id, count) VALUES (72, 24, 43, 6);
INSERT INTO cart_product (id, cart_id, product_id, count) VALUES (73, 24, 34, 8);
INSERT INTO cart_product (id, cart_id, product_id, count) VALUES (74, 24, 36, 10);
INSERT INTO cart_product (id, cart_id, product_id, count) VALUES (75, 24, 39, 9);
INSERT INTO cart_product (id, cart_id, product_id, count) VALUES (76, 25, 36, 8);
INSERT INTO cart_product (id, cart_id, product_id, count) VALUES (77, 25, 29, 8);
INSERT INTO cart_product (id, cart_id, product_id, count) VALUES (78, 25, 11, 5);
INSERT INTO cart_product (id, cart_id, product_id, count) VALUES (79, 25, 48, 4);
INSERT INTO cart_product (id, cart_id, product_id, count) VALUES (80, 26, 50, 4);
INSERT INTO cart_product (id, cart_id, product_id, count) VALUES (81, 26, 34, 5);
INSERT INTO cart_product (id, cart_id, product_id, count) VALUES (82, 26, 32, 8);
INSERT INTO cart_product (id, cart_id, product_id, count) VALUES (83, 27, 46, 5);
INSERT INTO cart_product (id, cart_id, product_id, count) VALUES (84, 28, 18, 6);
INSERT INTO cart_product (id, cart_id, product_id, count) VALUES (85, 28, 22, 9);
INSERT INTO cart_product (id, cart_id, product_id, count) VALUES (86, 29, 9, 3);
INSERT INTO cart_product (id, cart_id, product_id, count) VALUES (87, 30, 25, 3);
INSERT INTO cart_product (id, cart_id, product_id, count) VALUES (88, 30, 45, 4);
INSERT INTO cart_product (id, cart_id, product_id, count) VALUES (89, 31, 27, 7);
INSERT INTO cart_product (id, cart_id, product_id, count) VALUES (90, 32, 35, 1);
INSERT INTO cart_product (id, cart_id, product_id, count) VALUES (91, 32, 30, 4);
INSERT INTO cart_product (id, cart_id, product_id, count) VALUES (92, 32, 27, 7);
INSERT INTO cart_product (id, cart_id, product_id, count) VALUES (93, 33, 50, 10);
INSERT INTO cart_product (id, cart_id, product_id, count) VALUES (94, 33, 38, 7);
INSERT INTO cart_product (id, cart_id, product_id, count) VALUES (95, 33, 45, 8);
INSERT INTO cart_product (id, cart_id, product_id, count) VALUES (96, 33, 2, 1);
INSERT INTO cart_product (id, cart_id, product_id, count) VALUES (97, 34, 20, 7);
INSERT INTO cart_product (id, cart_id, product_id, count) VALUES (98, 34, 49, 9);
INSERT INTO cart_product (id, cart_id, product_id, count) VALUES (99, 34, 25, 9);
INSERT INTO cart_product (id, cart_id, product_id, count) VALUES (100, 35, 15, 7);
INSERT INTO cart_product (id, cart_id, product_id, count) VALUES (101, 35, 32, 6);
INSERT INTO cart_product (id, cart_id, product_id, count) VALUES (102, 35, 18, 7);
INSERT INTO cart_product (id, cart_id, product_id, count) VALUES (103, 35, 28, 3);
INSERT INTO cart_product (id, cart_id, product_id, count) VALUES (104, 35, 2, 8);
INSERT INTO cart_product (id, cart_id, product_id, count) VALUES (105, 36, 40, 1);
INSERT INTO cart_product (id, cart_id, product_id, count) VALUES (106, 36, 35, 7);
INSERT INTO cart_product (id, cart_id, product_id, count) VALUES (107, 37, 37, 7);
INSERT INTO cart_product (id, cart_id, product_id, count) VALUES (108, 37, 43, 3);
INSERT INTO cart_product (id, cart_id, product_id, count) VALUES (109, 37, 2, 8);
INSERT INTO cart_product (id, cart_id, product_id, count) VALUES (110, 37, 6, 3);
INSERT INTO cart_product (id, cart_id, product_id, count) VALUES (111, 37, 42, 1);
INSERT INTO cart_product (id, cart_id, product_id, count) VALUES (112, 38, 25, 8);
INSERT INTO cart_product (id, cart_id, product_id, count) VALUES (113, 38, 21, 6);
INSERT INTO cart_product (id, cart_id, product_id, count) VALUES (114, 38, 14, 6);
INSERT INTO cart_product (id, cart_id, product_id, count) VALUES (115, 39, 18, 2);
INSERT INTO cart_product (id, cart_id, product_id, count) VALUES (116, 39, 49, 8);
INSERT INTO cart_product (id, cart_id, product_id, count) VALUES (117, 39, 27, 1);
INSERT INTO cart_product (id, cart_id, product_id, count) VALUES (118, 39, 17, 9);
INSERT INTO cart_product (id, cart_id, product_id, count) VALUES (119, 40, 23, 4);
INSERT INTO cart_product (id, cart_id, product_id, count) VALUES (120, 41, 50, 1);
INSERT INTO cart_product (id, cart_id, product_id, count) VALUES (121, 42, 16, 4);
INSERT INTO cart_product (id, cart_id, product_id, count) VALUES (122, 43, 40, 3);
INSERT INTO cart_product (id, cart_id, product_id, count) VALUES (123, 44, 9, 2);
INSERT INTO cart_product (id, cart_id, product_id, count) VALUES (124, 44, 31, 10);
INSERT INTO cart_product (id, cart_id, product_id, count) VALUES (125, 45, 30, 5);
INSERT INTO cart_product (id, cart_id, product_id, count) VALUES (126, 45, 45, 6);
INSERT INTO cart_product (id, cart_id, product_id, count) VALUES (127, 46, 39, 2);
INSERT INTO cart_product (id, cart_id, product_id, count) VALUES (128, 46, 48, 3);
INSERT INTO cart_product (id, cart_id, product_id, count) VALUES (129, 47, 7, 5);
INSERT INTO cart_product (id, cart_id, product_id, count) VALUES (130, 47, 38, 10);
INSERT INTO cart_product (id, cart_id, product_id, count) VALUES (131, 47, 2, 7);
INSERT INTO cart_product (id, cart_id, product_id, count) VALUES (132, 48, 46, 4);
INSERT INTO cart_product (id, cart_id, product_id, count) VALUES (133, 48, 13, 2);
INSERT INTO cart_product (id, cart_id, product_id, count) VALUES (134, 48, 5, 5);
INSERT INTO cart_product (id, cart_id, product_id, count) VALUES (135, 48, 38, 10);
INSERT INTO cart_product (id, cart_id, product_id, count) VALUES (136, 49, 37, 1);
INSERT INTO cart_product (id, cart_id, product_id, count) VALUES (137, 50, 35, 6);
INSERT INTO cart_product (id, cart_id, product_id, count) VALUES (138, 50, 28, 2);
INSERT INTO cart_product (id, cart_id, product_id, count) VALUES (139, 50, 43, 9);
INSERT INTO cart_product (id, cart_id, product_id, count) VALUES (140, 51, 1, 2);
INSERT INTO cart_product (id, cart_id, product_id, count) VALUES (141, 51, 27, 7);
INSERT INTO cart_product (id, cart_id, product_id, count) VALUES (142, 51, 32, 6);
INSERT INTO cart_product (id, cart_id, product_id, count) VALUES (143, 52, 46, 9);
INSERT INTO cart_product (id, cart_id, product_id, count) VALUES (144, 52, 10, 5);
INSERT INTO cart_product (id, cart_id, product_id, count) VALUES (145, 52, 28, 10);
INSERT INTO cart_product (id, cart_id, product_id, count) VALUES (146, 52, 12, 9);
INSERT INTO cart_product (id, cart_id, product_id, count) VALUES (147, 53, 30, 5);
INSERT INTO cart_product (id, cart_id, product_id, count) VALUES (148, 53, 28, 6);
INSERT INTO cart_product (id, cart_id, product_id, count) VALUES (149, 53, 47, 4);
INSERT INTO cart_product (id, cart_id, product_id, count) VALUES (150, 53, 38, 2);
INSERT INTO cart_product (id, cart_id, product_id, count) VALUES (151, 54, 29, 8);
INSERT INTO cart_product (id, cart_id, product_id, count) VALUES (152, 54, 16, 10);
INSERT INTO cart_product (id, cart_id, product_id, count) VALUES (153, 54, 49, 10);
INSERT INTO cart_product (id, cart_id, product_id, count) VALUES (154, 55, 22, 3);
INSERT INTO cart_product (id, cart_id, product_id, count) VALUES (155, 55, 2, 8);
INSERT INTO cart_product (id, cart_id, product_id, count) VALUES (156, 55, 32, 4);
INSERT INTO cart_product (id, cart_id, product_id, count) VALUES (157, 55, 21, 6);
INSERT INTO cart_product (id, cart_id, product_id, count) VALUES (158, 56, 22, 5);
INSERT INTO cart_product (id, cart_id, product_id, count) VALUES (159, 56, 18, 9);
INSERT INTO cart_product (id, cart_id, product_id, count) VALUES (160, 56, 39, 1);
INSERT INTO cart_product (id, cart_id, product_id, count) VALUES (161, 57, 13, 8);
INSERT INTO cart_product (id, cart_id, product_id, count) VALUES (162, 57, 6, 9);
INSERT INTO cart_product (id, cart_id, product_id, count) VALUES (163, 57, 16, 4);
INSERT INTO cart_product (id, cart_id, product_id, count) VALUES (164, 57, 47, 8);
INSERT INTO cart_product (id, cart_id, product_id, count) VALUES (165, 57, 27, 8);
INSERT INTO cart_product (id, cart_id, product_id, count) VALUES (166, 58, 2, 7);
INSERT INTO cart_product (id, cart_id, product_id, count) VALUES (167, 58, 6, 4);
INSERT INTO cart_product (id, cart_id, product_id, count) VALUES (168, 58, 19, 5);
INSERT INTO cart_product (id, cart_id, product_id, count) VALUES (169, 58, 15, 10);
INSERT INTO cart_product (id, cart_id, product_id, count) VALUES (170, 59, 31, 6);
INSERT INTO cart_product (id, cart_id, product_id, count) VALUES (171, 59, 36, 7);
INSERT INTO cart_product (id, cart_id, product_id, count) VALUES (172, 59, 34, 9);
INSERT INTO cart_product (id, cart_id, product_id, count) VALUES (173, 60, 23, 5);
INSERT INTO cart_product (id, cart_id, product_id, count) VALUES (174, 60, 45, 5);
INSERT INTO cart_product (id, cart_id, product_id, count) VALUES (175, 60, 30, 5);
INSERT INTO cart_product (id, cart_id, product_id, count) VALUES (176, 61, 8, 4);
INSERT INTO cart_product (id, cart_id, product_id, count) VALUES (177, 61, 47, 6);
INSERT INTO cart_product (id, cart_id, product_id, count) VALUES (178, 62, 48, 9);
INSERT INTO cart_product (id, cart_id, product_id, count) VALUES (179, 63, 13, 8);
INSERT INTO cart_product (id, cart_id, product_id, count) VALUES (180, 63, 14, 5);
INSERT INTO cart_product (id, cart_id, product_id, count) VALUES (181, 64, 49, 4);
INSERT INTO cart_product (id, cart_id, product_id, count) VALUES (182, 64, 34, 5);
INSERT INTO cart_product (id, cart_id, product_id, count) VALUES (183, 64, 39, 4);
INSERT INTO cart_product (id, cart_id, product_id, count) VALUES (184, 64, 19, 6);
INSERT INTO cart_product (id, cart_id, product_id, count) VALUES (185, 64, 7, 3);
INSERT INTO cart_product (id, cart_id, product_id, count) VALUES (186, 65, 1, 3);
INSERT INTO cart_product (id, cart_id, product_id, count) VALUES (187, 65, 46, 5);
INSERT INTO cart_product (id, cart_id, product_id, count) VALUES (188, 65, 35, 1);
INSERT INTO cart_product (id, cart_id, product_id, count) VALUES (189, 66, 36, 5);
INSERT INTO cart_product (id, cart_id, product_id, count) VALUES (190, 67, 41, 8);
INSERT INTO cart_product (id, cart_id, product_id, count) VALUES (191, 67, 49, 2);
INSERT INTO cart_product (id, cart_id, product_id, count) VALUES (192, 68, 37, 5);
INSERT INTO cart_product (id, cart_id, product_id, count) VALUES (193, 69, 31, 1);
INSERT INTO cart_product (id, cart_id, product_id, count) VALUES (194, 69, 29, 5);
INSERT INTO cart_product (id, cart_id, product_id, count) VALUES (195, 69, 22, 8);
INSERT INTO cart_product (id, cart_id, product_id, count) VALUES (196, 69, 12, 2);
INSERT INTO cart_product (id, cart_id, product_id, count) VALUES (197, 70, 26, 8);
INSERT INTO cart_product (id, cart_id, product_id, count) VALUES (198, 71, 37, 1);
INSERT INTO cart_product (id, cart_id, product_id, count) VALUES (199, 72, 10, 5);
INSERT INTO cart_product (id, cart_id, product_id, count) VALUES (200, 72, 37, 2);
INSERT INTO cart_product (id, cart_id, product_id, count) VALUES (201, 73, 8, 7);
INSERT INTO cart_product (id, cart_id, product_id, count) VALUES (202, 73, 36, 10);
INSERT INTO cart_product (id, cart_id, product_id, count) VALUES (203, 74, 40, 8);
INSERT INTO cart_product (id, cart_id, product_id, count) VALUES (204, 74, 15, 8);
INSERT INTO cart_product (id, cart_id, product_id, count) VALUES (205, 74, 50, 5);
INSERT INTO cart_product (id, cart_id, product_id, count) VALUES (206, 74, 34, 10);
INSERT INTO cart_product (id, cart_id, product_id, count) VALUES (207, 74, 25, 7);
INSERT INTO cart_product (id, cart_id, product_id, count) VALUES (208, 75, 37, 10);
INSERT INTO cart_product (id, cart_id, product_id, count) VALUES (209, 75, 40, 2);
INSERT INTO cart_product (id, cart_id, product_id, count) VALUES (210, 75, 4, 4);
INSERT INTO cart_product (id, cart_id, product_id, count) VALUES (211, 76, 17, 2);
INSERT INTO cart_product (id, cart_id, product_id, count) VALUES (212, 76, 43, 3);
INSERT INTO cart_product (id, cart_id, product_id, count) VALUES (213, 77, 12, 2);
INSERT INTO cart_product (id, cart_id, product_id, count) VALUES (214, 77, 36, 3);
INSERT INTO cart_product (id, cart_id, product_id, count) VALUES (215, 78, 27, 8);
INSERT INTO cart_product (id, cart_id, product_id, count) VALUES (216, 79, 31, 5);
INSERT INTO cart_product (id, cart_id, product_id, count) VALUES (217, 79, 19, 8);
INSERT INTO cart_product (id, cart_id, product_id, count) VALUES (218, 79, 3, 2);
INSERT INTO cart_product (id, cart_id, product_id, count) VALUES (219, 79, 15, 4);
INSERT INTO cart_product (id, cart_id, product_id, count) VALUES (220, 79, 46, 5);
INSERT INTO cart_product (id, cart_id, product_id, count) VALUES (221, 80, 43, 4);
INSERT INTO cart_product (id, cart_id, product_id, count) VALUES (222, 80, 13, 3);
INSERT INTO cart_product (id, cart_id, product_id, count) VALUES (223, 80, 28, 5);
INSERT INTO cart_product (id, cart_id, product_id, count) VALUES (224, 80, 8, 3);
INSERT INTO cart_product (id, cart_id, product_id, count) VALUES (225, 80, 35, 2);
INSERT INTO cart_product (id, cart_id, product_id, count) VALUES (226, 81, 11, 5);
INSERT INTO cart_product (id, cart_id, product_id, count) VALUES (227, 82, 48, 8);
INSERT INTO cart_product (id, cart_id, product_id, count) VALUES (228, 82, 37, 5);
INSERT INTO cart_product (id, cart_id, product_id, count) VALUES (229, 82, 19, 7);
INSERT INTO cart_product (id, cart_id, product_id, count) VALUES (230, 82, 29, 5);
INSERT INTO cart_product (id, cart_id, product_id, count) VALUES (231, 82, 8, 9);
INSERT INTO cart_product (id, cart_id, product_id, count) VALUES (232, 83, 32, 7);
INSERT INTO cart_product (id, cart_id, product_id, count) VALUES (233, 83, 29, 6);
INSERT INTO cart_product (id, cart_id, product_id, count) VALUES (234, 83, 6, 10);
INSERT INTO cart_product (id, cart_id, product_id, count) VALUES (235, 83, 39, 5);
INSERT INTO cart_product (id, cart_id, product_id, count) VALUES (236, 83, 3, 1);
INSERT INTO cart_product (id, cart_id, product_id, count) VALUES (237, 84, 15, 10);
INSERT INTO cart_product (id, cart_id, product_id, count) VALUES (238, 85, 2, 1);
INSERT INTO cart_product (id, cart_id, product_id, count) VALUES (239, 85, 49, 3);
INSERT INTO cart_product (id, cart_id, product_id, count) VALUES (240, 85, 44, 8);
INSERT INTO cart_product (id, cart_id, product_id, count) VALUES (241, 85, 18, 9);
INSERT INTO cart_product (id, cart_id, product_id, count) VALUES (242, 85, 37, 8);
INSERT INTO cart_product (id, cart_id, product_id, count) VALUES (243, 86, 12, 8);
INSERT INTO cart_product (id, cart_id, product_id, count) VALUES (244, 86, 38, 2);
INSERT INTO cart_product (id, cart_id, product_id, count) VALUES (245, 86, 28, 8);
INSERT INTO cart_product (id, cart_id, product_id, count) VALUES (246, 87, 27, 2);
INSERT INTO cart_product (id, cart_id, product_id, count) VALUES (247, 87, 22, 3);
INSERT INTO cart_product (id, cart_id, product_id, count) VALUES (248, 87, 21, 6);
INSERT INTO cart_product (id, cart_id, product_id, count) VALUES (249, 88, 45, 7);
INSERT INTO cart_product (id, cart_id, product_id, count) VALUES (250, 88, 32, 9);
INSERT INTO cart_product (id, cart_id, product_id, count) VALUES (251, 88, 19, 1);
INSERT INTO cart_product (id, cart_id, product_id, count) VALUES (252, 88, 43, 8);
INSERT INTO cart_product (id, cart_id, product_id, count) VALUES (253, 89, 21, 5);
INSERT INTO cart_product (id, cart_id, product_id, count) VALUES (254, 90, 8, 9);
INSERT INTO cart_product (id, cart_id, product_id, count) VALUES (255, 90, 50, 1);
INSERT INTO cart_product (id, cart_id, product_id, count) VALUES (256, 90, 26, 9);
INSERT INTO cart_product (id, cart_id, product_id, count) VALUES (257, 91, 27, 6);
INSERT INTO cart_product (id, cart_id, product_id, count) VALUES (258, 91, 4, 10);
INSERT INTO cart_product (id, cart_id, product_id, count) VALUES (259, 91, 13, 8);
INSERT INTO cart_product (id, cart_id, product_id, count) VALUES (260, 91, 34, 8);
INSERT INTO cart_product (id, cart_id, product_id, count) VALUES (261, 92, 14, 5);
INSERT INTO cart_product (id, cart_id, product_id, count) VALUES (262, 93, 9, 2);
INSERT INTO cart_product (id, cart_id, product_id, count) VALUES (263, 93, 19, 1);
INSERT INTO cart_product (id, cart_id, product_id, count) VALUES (264, 93, 29, 10);
INSERT INTO cart_product (id, cart_id, product_id, count) VALUES (265, 93, 45, 4);
INSERT INTO cart_product (id, cart_id, product_id, count) VALUES (266, 93, 32, 3);
INSERT INTO cart_product (id, cart_id, product_id, count) VALUES (267, 94, 36, 2);
INSERT INTO cart_product (id, cart_id, product_id, count) VALUES (268, 94, 1, 4);
INSERT INTO cart_product (id, cart_id, product_id, count) VALUES (269, 94, 27, 2);
INSERT INTO cart_product (id, cart_id, product_id, count) VALUES (270, 95, 8, 5);
INSERT INTO cart_product (id, cart_id, product_id, count) VALUES (271, 95, 42, 9);
INSERT INTO cart_product (id, cart_id, product_id, count) VALUES (272, 95, 10, 5);
INSERT INTO cart_product (id, cart_id, product_id, count) VALUES (273, 95, 32, 7);
INSERT INTO cart_product (id, cart_id, product_id, count) VALUES (274, 96, 31, 3);
INSERT INTO cart_product (id, cart_id, product_id, count) VALUES (275, 96, 16, 7);
INSERT INTO cart_product (id, cart_id, product_id, count) VALUES (276, 96, 30, 4);
INSERT INTO cart_product (id, cart_id, product_id, count) VALUES (277, 96, 36, 10);
INSERT INTO cart_product (id, cart_id, product_id, count) VALUES (278, 97, 48, 7);
INSERT INTO cart_product (id, cart_id, product_id, count) VALUES (279, 97, 9, 6);
INSERT INTO cart_product (id, cart_id, product_id, count) VALUES (280, 97, 5, 9);
INSERT INTO cart_product (id, cart_id, product_id, count) VALUES (281, 97, 18, 5);
INSERT INTO cart_product (id, cart_id, product_id, count) VALUES (282, 97, 50, 1);
INSERT INTO cart_product (id, cart_id, product_id, count) VALUES (283, 98, 47, 10);
INSERT INTO cart_product (id, cart_id, product_id, count) VALUES (284, 98, 20, 8);
INSERT INTO cart_product (id, cart_id, product_id, count) VALUES (285, 98, 38, 3);
INSERT INTO cart_product (id, cart_id, product_id, count) VALUES (286, 99, 35, 9);
INSERT INTO cart_product (id, cart_id, product_id, count) VALUES (287, 99, 31, 9);
INSERT INTO cart_product (id, cart_id, product_id, count) VALUES (288, 99, 23, 7);
INSERT INTO cart_product (id, cart_id, product_id, count) VALUES (289, 99, 22, 8);
INSERT INTO cart_product (id, cart_id, product_id, count) VALUES (290, 100, 13, 10);
INSERT INTO cart_product (id, cart_id, product_id, count) VALUES (291, 100, 45, 7);
INSERT INTO cart_product (id, cart_id, product_id, count) VALUES (292, 100, 16, 4);

-- ORDERS
INSERT INTO orders (id, cart_id) VALUES (1, 100);
INSERT INTO orders (id, cart_id) VALUES (2, 53);
INSERT INTO orders (id, cart_id) VALUES (3, 6);
INSERT INTO orders (id, cart_id) VALUES (4, 41);
INSERT INTO orders (id, cart_id) VALUES (5, 96);
INSERT INTO orders (id, cart_id) VALUES (6, 61);
INSERT INTO orders (id, cart_id) VALUES (7, 91);
INSERT INTO orders (id, cart_id) VALUES (8, 49);
INSERT INTO orders (id, cart_id) VALUES (9, 50);
INSERT INTO orders (id, cart_id) VALUES (10, 85);
INSERT INTO orders (id, cart_id) VALUES (11, 84);
INSERT INTO orders (id, cart_id) VALUES (12, 20);
INSERT INTO orders (id, cart_id) VALUES (13, 64);
INSERT INTO orders (id, cart_id) VALUES (14, 5);
INSERT INTO orders (id, cart_id) VALUES (15, 17);
INSERT INTO orders (id, cart_id) VALUES (16, 65);
INSERT INTO orders (id, cart_id) VALUES (17, 76);
INSERT INTO orders (id, cart_id) VALUES (18, 43);
INSERT INTO orders (id, cart_id) VALUES (19, 13);
INSERT INTO orders (id, cart_id) VALUES (20, 57);
INSERT INTO orders (id, cart_id) VALUES (21, 82);
INSERT INTO orders (id, cart_id) VALUES (22, 68);
INSERT INTO orders (id, cart_id) VALUES (23, 59);
INSERT INTO orders (id, cart_id) VALUES (24, 2);
INSERT INTO orders (id, cart_id) VALUES (25, 19);
INSERT INTO orders (id, cart_id) VALUES (26, 99);
INSERT INTO orders (id, cart_id) VALUES (27, 89);
INSERT INTO orders (id, cart_id) VALUES (28, 10);
INSERT INTO orders (id, cart_id) VALUES (29, 95);
INSERT INTO orders (id, cart_id) VALUES (30, 34);